Instance,Baseline_Max_Reward,Transformer_Max_Reward,Baseline_Final_Loss,Transformer_Final_Loss,Reward_Gap,Reward_Gap_Pct,ILS_Max_Reward,ILS_Time
c101,257.15625,254.609375,-16.13350323498136,-0.4430853611251892,-2.546875,-0.9903998055656824,320.0,30.0117928981781
pr01,184.5,182.9375,-11.038038458569602,-1.505101834786906,-1.5625,-0.8468834688346882,308.0,30.035182237625122
r101,109.40625,110.21875,-6.768534262099792,-0.1719902145112683,0.8125,0.742644958583262,182.0,26.06181502342224
rc101,148.578125,149.453125,-10.141056169447882,-0.843069701746144,0.875,0.5889157640130402,219.0,30.017757892608643
t101,775.140625,765.46875,-35.57433577060699,-5.900149204693735,-9.671875,-1.247757463363503,327.0,30.004276037216187
