Instance,Baseline_Max,Transformer_Max,GAT-LSTM_Max,GAT-Trans_Max
c101,257.15625,254.609375,256.3125,256.84375
pr01,184.5,182.9375,184.46875,182.84375
r101,109.40625,110.21875,110.5,109.640625
rc101,148.578125,149.453125,148.96875,148.53125
t101,775.140625,765.46875,0.0,0.0
